poisoning_rate	backdoor_success_rate	clean_accuracy_after	clean_accuracy_drop
0.01	16.333333333333332	98.41666666666667	-5.916666666666671
0.05	9.0	96.125	-3.625
