poisoning_rate	backdoor_success_rate	clean_accuracy_after	clean_accuracy_drop
0.01	8.666666666666666	91.66666666666667	-11.5
0.05	40.333333333333336	87.33333333333333	-7.166666666666657
