poisoning_rate	backdoor_success_rate	clean_accuracy_after	clean_accuracy_drop
0.01	14.666666666666666	83.66666666666667	-0.5
0.05	40.833333333333336	78.0	5.166666666666671
