poisoning_rate	backdoor_success_rate	clean_accuracy_after	clean_accuracy_drop
0.05	12.0	97.66666666666667	0.8333333333333286
0.1	12.333333333333334	97.83333333333333	0.6666666666666714
