poisoning_rate	frequency	backdoor_success_rate	clean_accuracy_after	clean_accuracy_drop
0.01	1000	11.333333333333334	95.33333333333333	3.0
0.01	10000	11.333333333333334	98.0	0.3333333333333286
0.01	24000	10.833333333333334	97.83333333333333	0.5
0.05	1000	11.333333333333334	98.0	0.3333333333333286
0.05	10000	12.333333333333334	95.83333333333333	2.5
0.05	24000	11.166666666666666	97.5	0.8333333333333286
0.1	1000	13.333333333333334	95.83333333333333	2.5
0.1	10000	12.333333333333334	98.0	0.3333333333333286
0.1	24000	11.333333333333334	95.66666666666667	2.666666666666657
