poisoning_rate	backdoor_success_rate	clean_accuracy_after	clean_accuracy_drop
0.01	1.3133208255159476	97.83333333333334	0.6666666666666572
0.05	43.151969981238274	98.66666666666667	-0.1666666666666714
